id_transaction,date,time,amount,transaction_type,new_user,user_id,status
19082343,15/4/2024,21:13,473.0,purchase,true,1,fraudulent
19082344,20/2/2024,7:47,35605.4,transfer,false,2,non-fraudulent
19082345,5/6/2024,19:32,35623.6,purchase,false,3,fraudulent
19082346,13/6/2024,5:57,43220.5,transfer,true,4,non-fraudulent
19082347,7/8/2024,22:20,25593.9,purchase,true,5,fraudulent
19082348,21/11/2023,13:26,16850.9,transfer,true,6,non-fraudulent
19082349,12/10/2023,11:01,45920.5,purchase,true,7,non-fraudulent
19082350,15/2/2024,0:08,11475.7,transfer,false,8,fraudulent
19082351,9/2/2024,3:03,46356.3,purchase,true,9,non-fraudulent
19082352,14/1/2024,4:01,13199.7,transfer,false,10,fraudulent
19082353,23/1/2024,15:12,40379.2,purchase,true,11,fraudulent
19082354,26/8/2024,23:08,26867.7,purchase,false,12,fraudulent
19082355,26/10/2023,11:01,17265.0,purchase,true,13,fraudulent
19082356,2/4/2024,14:40,37429.9,transfer,false,14,fraudulent
19082357,10/7/2024,21:05,9535.7,purchase,false,15,non-fraudulent
19082358,12/4/2024,19:28,30390.3,purchase,true,16,non-fraudulent
19082359,11/6/2024,6:05,49327.4,purchase,true,17,fraudulent
19082360,16/3/2024,2:55,27948.3,purchase,true,18,fraudulent
19082361,24/2/2024,21:06,34206.2,purchase,false,19,fraudulent
19082362,30/5/2024,0:32,4590.9,purchase,false,20,fraudulent
19082363,2/10/2023,18:26,48343.9,purchase,true,21,fraudulent
19082364,3/10/2023,19:49,47987.6,purchase,false,22,fraudulent
19082365,9/8/2024,20:40,2947.6,purchase,true,23,non-fraudulent
19082366,24/6/2024,12:47,10217.2,purchase,true,24,non-fraudulent
19082367,12/8/2024,11:50,47326.5,transfer,false,25,fraudulent
19082368,11/12/2023,15:45,19420.6,purchase,true,26,non-fraudulent
19082369,31/12/2023,4:30,39006.3,transfer,true,27,non-fraudulent
19082370,15/10/2023,11:30,18759.0,purchase,false,28,fraudulent
19082371,22/11/2023,0:30,2091.7,purchase,false,29,non-fraudulent
19082372,19/11/2023,9:33,43571.3,transfer,true,30,non-fraudulent
19082373,1/7/2024,10:33,1139.7,purchase,true,31,fraudulent
19082374,8/4/2024,22:06,22995.6,transfer,true,32,non-fraudulent
19082375,3/11/2023,18:51,15334.3,transfer,true,33,non-fraudulent
19082376,10/2/2024,6:32,42066.2,purchase,false,34,fraudulent
19082377,2/3/2024,4:28,19474.4,transfer,false,35,non-fraudulent
19082378,7/4/2024,14:02,831.4,transfer,true,36,non-fraudulent
19082379,11/11/2023,9:01,19478.1,purchase,false,37,fraudulent
19082380,27/3/2024,9:46,10498.4,purchase,false,38,fraudulent
19082381,12/10/2023,1:03,6054.1,transfer,true,39,fraudulent
19082382,6/12/2023,20:43,31817.2,purchase,false,40,non-fraudulent
19082383,31/7/2024,14:41,39484.7,purchase,true,41,fraudulent
19082384,23/7/2024,4:55,39646.4,purchase,false,42,fraudulent
19082385,2/11/2023,11:16,47707.8,purchase,false,43,fraudulent
19082386,13/11/2023,20:04,24867.1,purchase,false,44,non-fraudulent
19082387,18/4/2024,12:22,2146.9,transfer,true,45,non-fraudulent
19082388,15/8/2024,2:13,44138.3,purchase,true,46,fraudulent
19082389,11/10/2023,16:42,13597.5,purchase,true,47,non-fraudulent
19082390,31/10/2023,1:05,935.6,transfer,true,48,non-fraudulent
19082391,27/6/2024,17:29,1579.7,transfer,false,49,non-fraudulent
19082392,30/9/2023,18:29,32885.1,purchase,false,50,fraudulent
19082393,12/7/2024,0:13,13720.9,purchase,true,51,fraudulent
19082394,21/8/2024,15:23,18789.3,purchase,false,52,fraudulent
19082395,27/8/2024,4:38,7063.3,transfer,true,53,non-fraudulent
19082396,21/9/2023,3:08,13492.6,purchase,false,54,fraudulent
19082397,12/9/2023,11:21,49283.6,purchase,true,55,non-fraudulent
19082398,19/3/2024,11:54,41941.3,transfer,true,56,non-fraudulent
19082399,22/4/2024,2:57,17929.1,purchase,false,57,non-fraudulent
19082400,24/8/2024,13:13,49043.6,transfer,false,58,non-fraudulent
19082401,24/12/2023,5:38,46570.4,purchase,true,59,non-fraudulent
19082402,22/12/2023,2:40,6602.8,purchase,false,60,fraudulent
19082403,19/2/2024,21:37,48558.5,transfer,false,61,non-fraudulent
19082404,26/7/2024,8:11,28386.6,purchase,false,62,fraudulent
19082405,30/10/2023,16:31,11859.5,purchase,true,63,fraudulent
19082406,10/2/2024,17:09,12897.0,purchase,false,64,fraudulent
19082407,19/6/2024,13:12,47101.2,transfer,false,65,fraudulent
19082408,16/4/2024,18:27,6057.9,purchase,true,66,fraudulent
19082409,7/2/2024,12:18,35029.3,purchase,true,67,non-fraudulent
19082410,30/12/2023,13:14,37504.7,purchase,false,68,non-fraudulent
19082411,10/11/2023,5:48,20104.6,transfer,true,69,non-fraudulent
19082412,1/7/2024,4:05,33131.7,purchase,true,70,fraudulent
19082413,30/4/2024,10:36,33069.5,transfer,true,71,fraudulent
19082414,13/8/2024,3:17,44826.6,purchase,false,72,fraudulent
19082415,15/10/2023,1:14,45287.3,transfer,true,73,non-fraudulent
19082416,30/7/2024,4:18,1069.9,purchase,true,74,fraudulent
19082417,9/10/2023,7:28,24097.6,purchase,false,75,fraudulent
19082418,11/1/2024,4:14,49714.8,purchase,false,76,non-fraudulent
19082419,25/6/2024,22:04,11298.3,purchase,true,77,fraudulent
19082420,5/4/2024,9:44,4042.1,purchase,true,78,fraudulent
19082421,20/7/2024,5:41,28254.6,transfer,true,79,fraudulent
19082422,27/8/2024,6:55,119.3,transfer,true,80,fraudulent
19082423,17/7/2024,1:27,18437.5,purchase,true,81,fraudulent
19082424,19/6/2024,6:52,31788.8,purchase,true,82,fraudulent
19082425,25/4/2024,3:34,40622.1,purchase,false,83,fraudulent
19082426,31/5/2024,23:27,2890.4,purchase,false,84,fraudulent
19082427,13/10/2023,6:29,5644.4,purchase,true,85,fraudulent
19082428,9/12/2023,9:01,720.0,purchase,true,86,non-fraudulent
19082429,25/10/2023,19:48,41789.4,purchase,false,87,non-fraudulent
19082430,16/8/2024,6:00,39943.6,transfer,true,88,non-fraudulent
19082431,16/4/2024,1:39,19020.7,transfer,false,89,non-fraudulent
19082432,18/4/2024,10:54,3640.7,purchase,true,90,non-fraudulent
19082433,16/10/2023,20:04,42733.3,purchase,false,91,non-fraudulent
19082434,27/12/2023,0:24,32778.7,transfer,true,92,fraudulent
19082435,12/5/2024,16:41,11643.8,purchase,false,93,fraudulent
19082436,31/7/2024,16:26,16080.6,transfer,true,94,fraudulent
19082437,27/4/2024,18:32,37559.7,purchase,false,95,non-fraudulent
19082438,3/1/2024,21:50,7258.9,transfer,true,96,non-fraudulent
19082439,17/8/2024,10:29,25996.1,purchase,false,97,fraudulent
19082440,1/6/2024,8:00,47460.3,transfer,false,98,fraudulent
19082441,1/9/2024,12:38,2460.3,transfer,false,99,fraudulent
19082442,27/6/2024,6:38,10565.9,purchase,true,100,non-fraudulent
19082443,22/7/2024,20:59,11702.6,purchase,false,101,non-fraudulent
19082444,5/6/2024,1:40,31537.3,purchase,false,102,fraudulent
19082445,7/4/2024,12:23,35437.2,purchase,true,103,non-fraudulent
19082446,11/3/2024,15:30,31335.0,transfer,true,104,non-fraudulent
19082447,29/5/2024,12:30,9538.8,transfer,false,105,fraudulent
19082448,8/4/2024,5:17,15167.0,purchase,false,106,non-fraudulent
19082449,5/4/2024,9:43,8205.2,purchase,true,107,fraudulent
19082450,15/4/2024,10:01,23576.8,purchase,true,108,fraudulent
19082451,27/7/2024,22:21,9556.2,transfer,false,109,fraudulent
19082452,9/5/2024,8:01,48792.9,purchase,false,110,non-fraudulent
19082453,11/4/2024,20:19,34414.7,purchase,true,111,non-fraudulent
19082454,4/9/2024,8:05,27442.8,transfer,true,112,fraudulent
19082455,13/8/2024,13:44,20130.8,purchase,false,113,non-fraudulent
19082456,7/10/2023,4:32,22370.6,purchase,true,114,fraudulent
19082457,19/6/2024,14:01,9195.4,transfer,false,115,fraudulent
19082458,3/4/2024,23:09,14581.6,transfer,true,116,non-fraudulent
19082459,25/7/2024,21:55,21857.5,purchase,true,117,fraudulent
19082460,19/2/2024,9:58,47000.7,transfer,true,118,fraudulent
19082461,15/6/2024,6:36,9964.0,transfer,false,119,fraudulent
19082462,15/2/2024,18:20,38294.8,purchase,false,120,non-fraudulent
19082463,11/4/2024,14:06,8713.1,purchase,true,121,fraudulent
19082464,22/4/2024,15:59,25634.6,purchase,false,122,non-fraudulent
19082465,18/6/2024,20:26,4543.7,transfer,false,123,non-fraudulent
19082466,26/7/2024,12:49,25649.5,transfer,false,124,non-fraudulent
19082467,22/9/2023,8:18,20393.1,purchase,false,125,fraudulent
19082468,27/3/2024,7:50,22172.4,purchase,true,126,fraudulent
19082469,15/6/2024,1:34,47575.1,transfer,true,127,fraudulent
19082470,5/10/2023,22:12,31644.5,purchase,false,128,non-fraudulent
19082471,4/4/2024,5:44,11523.6,purchase,true,129,non-fraudulent
19082472,2/3/2024,3:25,18879.7,transfer,false,130,fraudulent
19082473,27/5/2024,11:27,36032.9,purchase,false,131,non-fraudulent
19082474,13/7/2024,16:13,4536.9,transfer,true,132,non-fraudulent
19082475,5/3/2024,6:11,6601.1,transfer,false,133,fraudulent
19082476,13/10/2023,3:02,29277.3,transfer,false,134,non-fraudulent
19082477,24/12/2023,2:06,40940.7,transfer,false,135,non-fraudulent
19082478,7/3/2024,11:46,44891.8,purchase,true,136,non-fraudulent
19082479,28/6/2024,14:23,20921.2,purchase,true,137,non-fraudulent
19082480,6/9/2024,3:18,15787.0,transfer,true,138,fraudulent
19082481,3/12/2023,2:02,42879.9,purchase,true,139,non-fraudulent
19082482,28/2/2024,19:15,21998.7,purchase,true,140,fraudulent
19082483,3/1/2024,1:07,16152.0,purchase,false,141,fraudulent
19082484,30/8/2024,17:41,10704.1,purchase,true,142,fraudulent
19082485,7/4/2024,2:58,33404.9,transfer,false,143,fraudulent
19082486,3/11/2023,16:02,30039.8,purchase,false,144,non-fraudulent
19082487,28/5/2024,7:39,11492.7,purchase,false,145,non-fraudulent
19082488,25/5/2024,18:50,34226.9,transfer,false,146,non-fraudulent
19082489,17/1/2024,4:48,10063.1,transfer,false,147,fraudulent
19082490,27/3/2024,2:11,29578.3,purchase,true,148,fraudulent
19082491,10/2/2024,7:18,43353.8,purchase,false,149,non-fraudulent
19082492,7/4/2024,6:14,47098.6,transfer,true,150,non-fraudulent
19082493,2/4/2024,19:47,40763.1,transfer,false,151,fraudulent
19082494,20/9/2023,1:23,41591.4,purchase,false,152,fraudulent
19082495,8/4/2024,16:33,21656.4,purchase,true,153,fraudulent
19082496,13/7/2024,16:16,43255.1,transfer,true,154,fraudulent
19082497,10/2/2024,3:22,15765.1,purchase,false,155,non-fraudulent
19082498,30/4/2024,0:55,44830.5,purchase,true,156,fraudulent
19082499,25/2/2024,1:02,21316.0,purchase,true,157,fraudulent
19082500,21/6/2024,13:56,16286.0,purchase,true,158,fraudulent
19082501,4/12/2023,3:17,24919.5,purchase,false,159,non-fraudulent
19082502,25/8/2024,19:30,37395.6,transfer,true,160,non-fraudulent
19082503,27/4/2024,10:27,28648.8,purchase,true,161,non-fraudulent
19082504,19/3/2024,2:42,16936.8,transfer,true,162,non-fraudulent
19082505,11/7/2024,2:58,43120.8,purchase,false,163,non-fraudulent
19082506,2/7/2024,0:02,12683.6,transfer,false,164,fraudulent
19082507,17/3/2024,5:26,18337.4,purchase,true,165,non-fraudulent
19082508,20/1/2024,3:32,15797.7,transfer,true,166,non-fraudulent
19082509,9/2/2024,12:27,11517.9,transfer,false,167,fraudulent
19082510,28/6/2024,2:02,42033.2,purchase,false,168,fraudulent
19082511,25/7/2024,2:29,45162.4,purchase,true,169,fraudulent
19082512,28/2/2024,23:53,15839.8,transfer,false,170,non-fraudulent
19082513,30/10/2023,6:08,19970.1,transfer,false,171,non-fraudulent
19082514,12/8/2024,1:52,43989.5,transfer,false,172,fraudulent
19082515,24/8/2024,19:17,37110.8,purchase,true,173,fraudulent
19082516,2/1/2024,20:02,36246.5,purchase,true,174,fraudulent
19082517,8/6/2024,12:28,11685.4,purchase,false,175,fraudulent
19082518,11/5/2024,1:39,17823.6,purchase,false,176,fraudulent
19082519,14/7/2024,0:56,37730.3,purchase,false,177,fraudulent
19082520,29/2/2024,4:35,25218.2,transfer,false,178,non-fraudulent
19082521,13/7/2024,23:53,13070.7,purchase,true,179,non-fraudulent
19082522,29/1/2024,21:41,16358.7,transfer,true,180,fraudulent
19082523,8/3/2024,23:28,6333.7,purchase,false,181,non-fraudulent
19082524,28/7/2024,23:01,36911.2,purchase,true,182,fraudulent
19082525,26/7/2024,15:40,22528.9,purchase,true,183,non-fraudulent
19082526,6/1/2024,8:02,15492.5,purchase,false,184,non-fraudulent
19082527,29/4/2024,21:20,29757.6,purchase,true,185,fraudulent
19082528,17/9/2023,9:10,11053.8,transfer,false,186,fraudulent
19082529,12/8/2024,18:33,8996.1,purchase,true,187,fraudulent
19082530,17/1/2024,4:43,8023.2,transfer,false,188,fraudulent
19082531,9/2/2024,1:55,30722.4,transfer,true,189,non-fraudulent
19082532,5/2/2024,1:27,14803.4,transfer,false,190,fraudulent
19082533,3/1/2024,13:18,31737.6,transfer,true,191,fraudulent
19082534,8/1/2024,3:57,23137.9,transfer,true,192,non-fraudulent
19082535,29/3/2024,8:45,30675.8,purchase,true,193,fraudulent
19082536,10/5/2024,1:15,228.0,transfer,false,194,non-fraudulent
19082537,15/9/2023,18:27,21889.0,transfer,false,195,non-fraudulent
19082538,4/10/2023,5:59,1690.8,transfer,false,196,fraudulent
19082539,1/4/2024,15:57,29214.3,transfer,true,197,fraudulent
19082540,4/6/2024,13:25,45094.8,purchase,false,198,non-fraudulent
19082541,21/4/2024,6:30,28626.1,transfer,true,199,non-fraudulent
19082542,15/3/2024,22:20,4876.0,transfer,false,200,non-fraudulent
19082543,9/12/2023,13:39,11924.9,transfer,false,201,fraudulent
19082544,25/7/2024,11:26,4597.2,purchase,false,202,non-fraudulent
19082545,17/3/2024,23:31,5221.0,purchase,false,203,fraudulent
19082546,8/1/2024,23:55,49250.0,purchase,false,204,non-fraudulent
19082547,3/3/2024,7:45,12153.8,transfer,true,205,non-fraudulent
19082548,29/11/2023,3:35,27461.7,purchase,false,206,non-fraudulent
19082549,15/1/2024,17:55,12410.2,purchase,false,207,non-fraudulent
19082550,26/2/2024,14:08,15597.7,transfer,true,208,fraudulent
19082551,27/4/2024,2:43,18080.9,purchase,true,209,fraudulent
19082552,10/5/2024,21:32,38253.0,purchase,false,210,non-fraudulent
19082553,26/5/2024,10:16,41530.4,transfer,false,211,non-fraudulent
19082554,27/4/2024,23:37,34137.6,transfer,true,212,non-fraudulent
19082555,16/1/2024,13:42,18549.5,transfer,false,213,non-fraudulent
19082556,3/3/2024,9:10,38964.7,purchase,false,214,non-fraudulent
19082557,20/11/2023,5:04,46512.3,transfer,false,215,non-fraudulent
19082558,15/10/2023,14:11,12739.5,purchase,true,216,non-fraudulent
19082559,2/1/2024,1:36,9018.5,purchase,false,217,fraudulent
19082560,29/9/2023,4:53,44635.7,purchase,false,218,non-fraudulent
19082561,15/9/2023,15:24,49604.2,transfer,false,219,non-fraudulent
19082562,28/10/2023,12:56,49627.1,purchase,false,220,non-fraudulent
19082563,20/5/2024,9:48,47849.7,purchase,true,221,non-fraudulent
19082564,16/9/2023,9:27,40165.1,purchase,true,222,fraudulent
19082565,22/10/2023,7:25,1696.0,purchase,false,223,fraudulent
19082566,10/12/2023,16:09,25012.8,purchase,false,224,fraudulent
19082567,1/2/2024,17:58,5327.3,purchase,true,225,fraudulent
19082568,13/9/2023,10:45,7714.4,transfer,true,226,non-fraudulent
19082569,26/4/2024,5:29,2520.6,purchase,false,227,fraudulent
19082570,23/2/2024,23:03,20262.7,transfer,true,228,non-fraudulent
19082571,13/11/2023,14:02,3564.3,transfer,true,229,non-fraudulent
19082572,21/12/2023,0:38,33273.1,purchase,false,230,fraudulent
19082573,17/10/2023,18:20,24712.9,purchase,false,231,fraudulent
19082574,23/10/2023,1:52,36785.4,transfer,true,232,fraudulent
19082575,6/3/2024,2:20,38824.8,purchase,true,233,non-fraudulent
19082576,10/8/2024,9:04,44897.3,purchase,false,234,fraudulent
19082577,11/5/2024,4:29,33645.5,purchase,true,235,non-fraudulent
19082578,26/5/2024,4:41,2262.5,purchase,true,236,non-fraudulent
19082579,10/8/2024,3:45,24996.4,purchase,false,237,non-fraudulent
19082580,24/3/2024,11:31,568.1,transfer,false,238,non-fraudulent
19082581,20/7/2024,9:47,31780.4,purchase,false,239,non-fraudulent
19082582,4/2/2024,1:14,27573.1,transfer,false,240,fraudulent
19082583,14/9/2023,12:03,22985.7,purchase,false,241,fraudulent
19082584,6/7/2024,2:22,16540.2,transfer,false,242,non-fraudulent
19082585,11/11/2023,15:46,15492.8,purchase,true,243,fraudulent
19082586,17/6/2024,15:22,9417.2,transfer,true,244,fraudulent
19082587,27/3/2024,12:05,6277.0,purchase,false,245,non-fraudulent
19082588,3/10/2023,5:20,38155.0,transfer,true,246,non-fraudulent
19082589,12/7/2024,5:33,3208.3,transfer,false,247,non-fraudulent
19082590,1/4/2024,6:47,41342.6,purchase,false,248,non-fraudulent
19082591,1/2/2024,8:12,2444.6,purchase,true,249,non-fraudulent
19082592,23/3/2024,10:48,35161.5,transfer,true,250,fraudulent
19082593,1/12/2023,12:54,1698.4,purchase,false,251,non-fraudulent
19082594,23/10/2023,1:48,40097.6,transfer,false,252,fraudulent
19082595,24/12/2023,13:33,45599.0,purchase,true,253,non-fraudulent
19082596,13/4/2024,11:04,39080.4,purchase,true,254,non-fraudulent
19082597,26/7/2024,18:52,29241.0,purchase,true,255,non-fraudulent
19082598,6/6/2024,20:45,21588.8,purchase,false,256,fraudulent
19082599,3/3/2024,6:33,3217.7,purchase,true,257,fraudulent
19082600,16/10/2023,6:39,20201.2,purchase,true,258,fraudulent
19082601,8/4/2024,0:48,40895.0,purchase,false,259,non-fraudulent
19082602,14/7/2024,12:49,7673.4,purchase,true,260,non-fraudulent
19082603,8/4/2024,1:13,39021.9,purchase,false,261,non-fraudulent
19082604,9/11/2023,4:28,31900.6,purchase,true,262,fraudulent
19082605,23/5/2024,23:44,9290.5,transfer,false,263,non-fraudulent
19082606,14/2/2024,11:52,9588.0,purchase,true,264,fraudulent
19082607,17/9/2023,14:14,2298.0,purchase,true,265,fraudulent
19082608,9/5/2024,20:55,8211.9,purchase,false,266,non-fraudulent
19082609,23/12/2023,20:01,12091.6,purchase,true,267,non-fraudulent
19082610,1/2/2024,2:47,2615.3,purchase,true,268,fraudulent
19082611,25/7/2024,1:07,45557.4,purchase,false,269,non-fraudulent
19082612,18/8/2024,15:39,9811.7,purchase,true,270,non-fraudulent
19082613,26/7/2024,21:18,153.3,purchase,false,271,fraudulent
19082614,29/3/2024,9:48,21133.6,purchase,true,272,fraudulent
19082615,19/5/2024,1:07,8726.9,purchase,false,273,fraudulent
19082616,20/4/2024,13:30,14974.0,transfer,false,274,non-fraudulent
19082617,22/7/2024,6:03,9229.0,transfer,false,275,fraudulent
19082618,3/11/2023,23:16,18329.8,purchase,true,276,fraudulent
19082619,11/8/2024,11:17,43831.0,purchase,true,277,fraudulent
19082620,28/5/2024,11:17,17366.7,purchase,false,278,non-fraudulent
19082621,17/7/2024,1:10,648.4,transfer,false,279,fraudulent
19082622,26/5/2024,5:13,15061.8,purchase,true,280,fraudulent
19082623,16/11/2023,3:04,10621.2,purchase,false,281,non-fraudulent
19082624,18/3/2024,19:38,22303.6,purchase,false,282,non-fraudulent
19082625,10/1/2024,22:50,24837.3,transfer,false,283,fraudulent
19082626,20/7/2024,20:12,8433.2,purchase,false,284,non-fraudulent
19082627,29/4/2024,4:22,20286.3,transfer,true,285,non-fraudulent
19082628,24/1/2024,12:59,47755.2,purchase,true,286,fraudulent
19082629,4/1/2024,6:52,47969.7,purchase,true,287,fraudulent
19082630,16/4/2024,22:10,18414.5,purchase,true,288,non-fraudulent
19082631,30/12/2023,3:37,20986.3,transfer,false,289,fraudulent
19082632,22/2/2024,13:44,13717.4,purchase,false,290,fraudulent
19082633,3/1/2024,11:46,17821.6,purchase,false,291,non-fraudulent
19082634,15/9/2023,17:47,33247.7,purchase,true,292,fraudulent
19082635,2/12/2023,19:39,13891.0,transfer,true,293,non-fraudulent
19082636,2/2/2024,18:14,14485.4,purchase,true,294,non-fraudulent
19082637,24/4/2024,4:29,9236.5,transfer,true,295,non-fraudulent
19082638,10/4/2024,13:10,37648.9,transfer,true,296,fraudulent
19082639,23/2/2024,3:56,43867.8,purchase,false,297,fraudulent
19082640,16/5/2024,11:05,44516.6,transfer,true,298,non-fraudulent
19082641,10/10/2023,9:35,47363.1,purchase,false,299,non-fraudulent
19082642,28/8/2024,14:46,1101.5,purchase,false,300,non-fraudulent
19082643,18/5/2024,3:45,45230.2,transfer,false,301,non-fraudulent
19082644,26/12/2023,22:54,40500.9,purchase,true,302,fraudulent
19082645,11/12/2023,16:04,16687.3,purchase,true,303,fraudulent
19082646,23/8/2024,1:40,10985.7,transfer,true,304,fraudulent
19082647,30/8/2024,15:09,27969.8,purchase,false,305,fraudulent
19082648,10/3/2024,7:16,16111.3,transfer,false,306,fraudulent
19082649,5/9/2024,21:11,512.6,purchase,false,307,fraudulent
19082650,21/11/2023,2:33,30736.3,purchase,false,308,fraudulent
19082651,6/6/2024,14:34,25312.7,transfer,true,309,fraudulent
19082652,4/10/2023,2:00,4545.4,purchase,false,310,non-fraudulent
19082653,6/7/2024,3:33,37697.8,purchase,true,311,fraudulent
19082654,30/7/2024,17:58,26273.4,purchase,true,312,non-fraudulent
19082655,23/2/2024,5:11,44678.0,purchase,false,313,non-fraudulent
19082656,19/1/2024,10:42,48923.3,transfer,false,314,non-fraudulent
19082657,6/4/2024,21:32,11314.7,purchase,false,315,non-fraudulent
19082658,20/7/2024,22:18,20450.8,transfer,true,316,fraudulent
19082659,29/11/2023,19:58,25040.7,purchase,true,317,non-fraudulent
19082660,20/10/2023,6:16,11673.1,purchase,false,318,non-fraudulent
19082661,16/2/2024,15:39,28992.8,purchase,true,319,non-fraudulent
19082662,13/3/2024,5:39,16980.7,purchase,false,320,non-fraudulent
19082663,17/3/2024,15:59,21659.7,purchase,true,321,fraudulent
19082664,25/1/2024,16:25,31763.4,transfer,false,322,non-fraudulent
19082665,29/5/2024,15:29,27937.6,purchase,false,323,fraudulent
19082666,1/8/2024,1:59,30287.6,purchase,true,324,non-fraudulent
19082667,13/8/2024,2:56,31437.3,purchase,true,325,fraudulent
19082668,27/8/2024,12:32,45022.1,purchase,false,326,fraudulent
19082669,25/12/2023,23:51,10107.1,transfer,true,327,fraudulent
19082670,6/3/2024,18:51,30987.5,purchase,true,328,fraudulent
19082671,29/9/2023,1:12,21459.2,transfer,false,329,fraudulent
19082672,1/4/2024,17:15,24385.8,transfer,false,330,non-fraudulent
19082673,23/8/2024,15:47,31223.1,purchase,false,331,fraudulent
19082674,20/1/2024,10:10,16627.2,transfer,true,332,fraudulent
19082675,1/8/2024,2:55,42719.1,purchase,true,333,non-fraudulent
19082676,25/6/2024,6:36,20548.0,transfer,false,334,fraudulent
19082677,27/6/2024,19:16,44433.0,purchase,true,335,non-fraudulent
19082678,21/8/2024,4:04,19865.3,purchase,true,336,fraudulent
19082679,23/1/2024,18:38,34838.1,transfer,true,337,fraudulent
19082680,12/8/2024,15:35,31489.1,transfer,false,338,fraudulent
19082681,13/9/2023,17:42,34608.6,transfer,true,339,non-fraudulent
19082682,19/9/2023,22:03,19672.5,purchase,true,340,fraudulent
19082683,13/6/2024,22:17,1274.6,purchase,false,341,non-fraudulent
19082684,2/11/2023,17:47,11614.1,transfer,true,342,non-fraudulent
19082685,9/5/2024,16:00,29682.6,purchase,false,343,non-fraudulent
19082686,30/3/2024,20:57,29875.7,purchase,true,344,non-fraudulent
19082687,3/10/2023,1:51,40892.5,purchase,true,345,fraudulent
19082688,7/5/2024,23:05,10678.3,purchase,true,346,fraudulent
19082689,1/7/2024,9:37,36773.0,transfer,false,347,fraudulent
19082690,22/9/2023,5:29,39562.1,purchase,false,348,fraudulent
19082691,31/7/2024,10:56,24212.8,purchase,true,349,non-fraudulent
19082692,22/8/2024,22:17,16334.1,transfer,true,350,fraudulent
19082693,2/7/2024,3:15,15303.2,purchase,true,351,fraudulent
19082694,3/8/2024,16:41,14235.1,transfer,false,352,non-fraudulent
19082695,15/5/2024,17:43,12006.2,purchase,false,353,non-fraudulent
19082696,28/11/2023,22:35,17452.3,purchase,false,354,fraudulent
19082697,20/1/2024,1:18,9334.4,purchase,false,355,non-fraudulent
19082698,26/9/2023,6:44,11401.0,purchase,false,356,fraudulent
19082699,22/5/2024,2:07,46229.0,purchase,false,357,fraudulent
19082700,7/8/2024,2:58,24470.6,purchase,true,358,fraudulent
19082701,12/6/2024,11:20,17530.9,transfer,true,359,non-fraudulent
19082702,11/1/2024,20:01,37171.5,purchase,false,360,non-fraudulent
19082703,11/8/2024,10:27,21506.0,transfer,true,361,fraudulent
19082704,18/2/2024,8:48,43215.1,purchase,true,362,fraudulent
19082705,11/10/2023,23:38,31767.6,purchase,true,363,fraudulent
19082706,16/6/2024,14:20,32293.4,purchase,true,364,fraudulent
19082707,26/11/2023,18:20,45330.6,purchase,true,365,fraudulent
19082708,2/4/2024,20:41,18004.3,purchase,false,366,non-fraudulent
19082709,29/4/2024,6:54,22916.5,purchase,false,367,fraudulent
19082710,10/5/2024,9:14,7527.9,purchase,false,368,fraudulent
19082711,12/12/2023,10:22,7910.8,transfer,false,369,non-fraudulent
19082712,16/4/2024,5:01,3816.9,purchase,false,370,non-fraudulent
19082713,11/9/2023,3:30,15309.0,purchase,false,371,fraudulent
19082714,30/1/2024,0:16,25432.3,purchase,false,372,non-fraudulent
19082715,11/12/2023,5:28,22317.0,purchase,true,373,fraudulent
19082716,17/11/2023,14:08,24710.2,transfer,true,374,fraudulent
19082717,17/6/2024,20:41,1853.8,purchase,false,375,fraudulent
19082718,6/6/2024,12:56,31712.5,transfer,false,376,fraudulent
19082719,9/8/2024,9:14,37855.3,purchase,false,377,fraudulent
19082720,22/2/2024,0:02,9731.4,purchase,true,378,fraudulent
19082721,21/9/2023,2:05,14510.1,transfer,true,379,non-fraudulent
19082722,28/7/2024,9:33,27892.9,purchase,true,380,non-fraudulent
19082723,18/8/2024,17:41,34048.5,purchase,false,381,fraudulent
19082724,9/12/2023,2:37,45038.1,purchase,false,382,fraudulent
19082725,5/3/2024,5:24,10336.5,transfer,false,383,fraudulent
19082726,25/11/2023,19:09,45342.9,purchase,false,384,non-fraudulent
19082727,24/3/2024,12:11,19129.2,transfer,false,385,fraudulent
19082728,18/5/2024,17:16,15370.8,purchase,false,386,non-fraudulent
19082729,6/5/2024,6:16,43875.6,purchase,false,387,fraudulent
19082730,13/7/2024,13:55,42298.9,transfer,true,388,fraudulent
19082731,18/12/2023,8:07,30306.5,transfer,false,389,fraudulent
19082732,24/6/2024,14:41,11052.3,purchase,true,390,fraudulent
19082733,3/1/2024,2:04,9085.3,transfer,false,391,fraudulent
19082734,2/11/2023,8:50,14744.2,transfer,false,392,non-fraudulent
19082735,4/6/2024,18:14,16710.4,purchase,true,393,non-fraudulent
19082736,17/7/2024,19:03,43651.3,transfer,false,394,fraudulent
19082737,31/5/2024,11:11,13828.0,purchase,false,395,non-fraudulent
19082738,4/9/2024,0:54,26711.6,purchase,true,396,non-fraudulent
19082739,12/2/2024,0:34,17780.6,purchase,true,397,non-fraudulent
19082740,22/7/2024,11:13,20156.6,purchase,false,398,fraudulent
19082741,2/4/2024,21:27,4282.6,purchase,false,399,fraudulent
19082742,12/4/2024,9:53,14770.6,purchase,false,400,non-fraudulent
19082743,21/8/2024,8:00,39148.5,transfer,true,401,fraudulent
19082744,16/11/2023,16:55,13205.5,transfer,false,402,non-fraudulent
19082745,19/6/2024,0:48,35885.3,purchase,false,403,fraudulent
19082746,16/2/2024,1:25,32580.9,purchase,true,404,fraudulent
19082747,17/1/2024,19:00,48588.8,purchase,true,405,non-fraudulent
19082748,13/11/2023,21:09,21784.0,purchase,false,406,non-fraudulent
19082749,21/10/2023,21:26,373.1,purchase,false,407,non-fraudulent
19082750,16/2/2024,4:31,16862.6,purchase,true,408,non-fraudulent
19082751,5/8/2024,9:00,27811.7,purchase,true,409,fraudulent
19082752,30/7/2024,17:55,33769.8,purchase,true,410,fraudulent
19082753,24/6/2024,22:22,7493.7,transfer,false,411,fraudulent
19082754,10/11/2023,22:25,26112.4,transfer,true,412,fraudulent
19082755,13/1/2024,0:34,8820.7,purchase,false,413,non-fraudulent
19082756,1/3/2024,2:46,46971.1,purchase,true,414,fraudulent
19082757,23/7/2024,11:19,48463.3,purchase,true,415,non-fraudulent
19082758,1/10/2023,2:27,8759.6,transfer,false,416,fraudulent
19082759,14/4/2024,8:42,14262.3,purchase,false,417,non-fraudulent
19082760,26/10/2023,20:08,19760.3,purchase,false,418,fraudulent
19082761,2/11/2023,23:32,49625.4,purchase,true,419,non-fraudulent
19082762,12/9/2023,19:24,10323.3,purchase,false,420,fraudulent
19082763,3/11/2023,6:25,24377.9,purchase,true,421,non-fraudulent
19082764,29/2/2024,5:21,41647.1,purchase,true,422,fraudulent
19082765,6/11/2023,6:10,34347.2,transfer,false,423,non-fraudulent
19082766,14/9/2023,7:14,33534.8,purchase,true,424,fraudulent
19082767,20/6/2024,21:34,24955.3,purchase,true,425,fraudulent
19082768,20/11/2023,17:05,39292.0,purchase,false,426,fraudulent
19082769,6/7/2024,22:50,31845.7,purchase,true,427,non-fraudulent
19082770,7/8/2024,20:18,13271.2,purchase,true,428,non-fraudulent
19082771,21/6/2024,22:58,17743.6,transfer,false,429,non-fraudulent
19082772,9/3/2024,22:49,3072.3,purchase,true,430,non-fraudulent
19082773,15/10/2023,19:56,629.4,transfer,true,431,fraudulent
19082774,9/1/2024,4:31,20257.8,purchase,false,432,fraudulent
19082775,25/9/2023,0:58,47127.1,purchase,false,433,fraudulent
19082776,25/6/2024,22:03,31348.8,transfer,false,434,fraudulent
19082777,23/1/2024,2:05,25403.9,purchase,false,435,non-fraudulent
19082778,30/7/2024,11:48,18123.6,purchase,false,436,fraudulent
19082779,5/4/2024,3:33,31985.1,transfer,true,437,non-fraudulent
19082780,12/4/2024,17:48,42703.6,purchase,false,438,fraudulent
19082781,4/12/2023,23:29,21924.9,transfer,true,439,fraudulent
19082782,22/8/2024,10:34,41103.9,purchase,true,440,fraudulent
19082783,1/8/2024,13:24,21495.1,transfer,true,441,fraudulent
19082784,20/3/2024,11:36,32887.0,transfer,false,442,fraudulent
19082785,1/3/2024,12:29,41870.7,purchase,true,443,non-fraudulent
19082786,19/7/2024,2:17,44892.9,purchase,false,444,non-fraudulent
19082787,29/5/2024,20:26,20522.7,transfer,false,445,fraudulent
19082788,18/2/2024,21:43,35234.4,purchase,false,446,fraudulent
19082789,27/10/2023,22:26,29598.2,transfer,true,447,fraudulent
19082790,3/3/2024,16:35,24965.1,transfer,false,448,non-fraudulent
19082791,10/8/2024,20:30,38367.1,purchase,true,449,non-fraudulent
19082792,1/7/2024,15:44,12153.8,purchase,true,450,non-fraudulent
19082793,31/1/2024,21:13,17649.5,purchase,false,451,fraudulent
19082794,17/12/2023,17:49,47706.9,transfer,true,452,non-fraudulent
19082795,4/4/2024,10:58,38592.3,purchase,true,453,fraudulent
19082796,1/10/2023,16:18,35671.5,purchase,false,454,non-fraudulent
19082797,26/8/2024,3:03,5817.0,purchase,false,455,non-fraudulent
19082798,28/1/2024,0:50,31509.2,purchase,false,456,fraudulent
19082799,10/1/2024,22:33,35599.5,purchase,true,457,non-fraudulent
19082800,15/8/2024,4:18,32845.7,purchase,true,458,non-fraudulent
19082801,15/2/2024,1:01,3214.9,purchase,true,459,non-fraudulent
19082802,19/7/2024,10:32,34361.1,transfer,true,460,non-fraudulent
19082803,31/10/2023,14:37,13189.6,transfer,false,461,fraudulent
19082804,13/3/2024,7:02,47545.9,purchase,false,462,non-fraudulent
19082805,3/7/2024,11:15,10758.9,purchase,true,463,non-fraudulent
19082806,7/2/2024,2:56,36303.9,purchase,true,464,fraudulent
19082807,21/9/2023,23:56,9769.1,purchase,false,465,non-fraudulent
19082808,11/7/2024,1:38,31750.1,transfer,true,466,fraudulent
19082809,5/7/2024,5:00,16005.5,transfer,true,467,fraudulent
19082810,1/5/2024,4:53,20422.2,purchase,false,468,non-fraudulent
19082811,4/5/2024,14:56,22569.9,transfer,true,469,non-fraudulent
19082812,14/8/2024,10:46,9767.1,transfer,false,470,non-fraudulent
19082813,19/5/2024,13:48,33537.0,transfer,true,471,non-fraudulent
19082814,18/7/2024,12:16,32315.6,transfer,true,472,non-fraudulent
19082815,1/7/2024,14:32,31872.1,purchase,false,473,fraudulent
19082816,8/3/2024,7:28,22948.1,transfer,true,474,fraudulent
19082817,22/11/2023,1:47,31684.3,transfer,true,475,non-fraudulent
19082818,7/10/2023,23:12,7494.4,transfer,false,476,non-fraudulent
19082819,21/5/2024,19:03,47614.6,purchase,false,477,fraudulent
19082820,17/1/2024,14:06,38804.8,purchase,true,478,non-fraudulent
19082821,16/7/2024,5:02,21466.9,purchase,false,479,non-fraudulent
19082822,16/11/2023,0:02,716.5,purchase,false,480,non-fraudulent
19082823,30/4/2024,14:57,20458.4,purchase,true,481,fraudulent
19082824,8/12/2023,9:33,8232.8,transfer,true,482,fraudulent
19082825,16/4/2024,7:18,13669.8,purchase,false,483,non-fraudulent
19082826,20/7/2024,4:03,2277.6,purchase,true,484,fraudulent
19082827,10/3/2024,2:23,44148.4,purchase,true,485,fraudulent
19082828,15/12/2023,7:07,29944.5,purchase,false,486,fraudulent
19082829,11/12/2023,15:36,45637.6,transfer,false,487,fraudulent
19082830,9/4/2024,7:09,1958.3,purchase,true,488,non-fraudulent
19082831,25/5/2024,4:27,36445.0,transfer,false,489,non-fraudulent
19082832,20/12/2023,4:01,28374.5,purchase,true,490,fraudulent
19082833,6/1/2024,22:50,35200.8,purchase,false,491,non-fraudulent
19082834,4/8/2024,14:44,15497.0,purchase,false,492,non-fraudulent
19082835,23/1/2024,8:15,12493.2,purchase,true,493,non-fraudulent
19082836,8/9/2023,0:05,1219.8,transfer,true,494,non-fraudulent
19082837,13/3/2024,10:01,16451.6,purchase,false,495,fraudulent
19082838,25/9/2023,6:35,25132.2,purchase,false,496,fraudulent
19082839,11/2/2024,2:06,34182.2,purchase,true,497,non-fraudulent
19082840,11/7/2024,7:11,17473.0,transfer,true,498,fraudulent
19082841,1/1/2024,16:38,39638.2,purchase,true,499,fraudulent
19082842,1/10/2023,8:56,2378.5,transfer,false,500,non-fraudulent
19082843,23/9/2023,1:47,37983.4,purchase,false,501,fraudulent
19082844,8/5/2024,11:40,35876.7,purchase,false,502,non-fraudulent
19082845,13/2/2024,10:27,27939.6,purchase,true,503,non-fraudulent
19082846,7/3/2024,19:07,2754.3,transfer,true,504,fraudulent
19082847,20/11/2023,12:35,34324.4,purchase,false,505,fraudulent
19082848,8/9/2023,6:07,38714.2,transfer,false,506,non-fraudulent
19082849,21/9/2023,11:11,35562.3,purchase,false,507,non-fraudulent
19082850,13/6/2024,9:55,42820.0,purchase,true,508,non-fraudulent
19082851,23/7/2024,0:49,17064.4,purchase,true,509,non-fraudulent
19082852,27/12/2023,12:17,27688.7,purchase,false,510,fraudulent
19082853,3/3/2024,12:50,40100.3,transfer,true,511,fraudulent
19082854,15/9/2023,16:03,39826.1,transfer,true,512,non-fraudulent
19082855,12/2/2024,8:03,48638.1,purchase,false,513,non-fraudulent
19082856,5/8/2024,9:11,38825.4,transfer,false,514,fraudulent
19082857,22/10/2023,14:50,26932.5,purchase,false,515,fraudulent
19082858,2/6/2024,4:34,30827.5,purchase,false,516,non-fraudulent
19082859,20/12/2023,15:54,7806.1,transfer,true,517,non-fraudulent
19082860,18/7/2024,14:32,28391.4,purchase,true,518,non-fraudulent
19082861,18/8/2024,22:46,18371.9,purchase,false,519,fraudulent
19082862,17/10/2023,22:12,22169.6,purchase,true,520,fraudulent
19082863,18/5/2024,22:21,18479.9,purchase,false,521,fraudulent
19082864,28/9/2023,5:49,2640.2,purchase,true,522,fraudulent
19082865,12/6/2024,20:26,41129.2,transfer,true,523,non-fraudulent
19082866,18/12/2023,9:29,1879.6,purchase,true,524,non-fraudulent
19082867,15/7/2024,23:32,15474.8,transfer,false,525,non-fraudulent
19082868,9/5/2024,18:42,29828.0,purchase,true,526,non-fraudulent
19082869,20/4/2024,21:25,13935.4,transfer,true,527,non-fraudulent
19082870,16/7/2024,10:01,16868.1,transfer,false,528,non-fraudulent
19082871,27/9/2023,23:25,1935.3,purchase,true,529,non-fraudulent
19082872,15/11/2023,11:27,45272.1,transfer,true,530,fraudulent
19082873,23/2/2024,16:52,11408.1,purchase,false,531,non-fraudulent
19082874,22/2/2024,11:05,16417.4,purchase,true,532,non-fraudulent
19082875,19/1/2024,20:20,22140.9,purchase,true,533,non-fraudulent
19082876,15/5/2024,20:31,41877.8,purchase,false,534,non-fraudulent
19082877,19/3/2024,0:32,42582.9,transfer,true,535,fraudulent
19082878,6/12/2023,10:05,5661.1,purchase,true,536,non-fraudulent
19082879,7/9/2024,3:41,29007.2,purchase,false,537,fraudulent
19082880,10/11/2023,7:35,29220.8,purchase,false,538,non-fraudulent
19082881,15/11/2023,13:39,40845.3,purchase,true,539,non-fraudulent
19082882,13/6/2024,19:15,13055.0,purchase,false,540,non-fraudulent
19082883,19/1/2024,1:10,17057.9,purchase,false,541,non-fraudulent
19082884,11/9/2023,22:57,47373.1,purchase,true,542,fraudulent
19082885,18/4/2024,18:36,46066.5,purchase,true,543,non-fraudulent
19082886,14/4/2024,17:59,8016.2,purchase,false,544,fraudulent
19082887,24/12/2023,2:32,17095.2,transfer,false,545,fraudulent
19082888,16/5/2024,16:34,34342.7,transfer,false,546,fraudulent
19082889,25/10/2023,23:50,28547.4,purchase,false,547,non-fraudulent
19082890,27/9/2023,13:40,36052.9,purchase,false,548,fraudulent
19082891,16/11/2023,8:04,38548.2,purchase,false,549,non-fraudulent
19082892,28/8/2024,2:37,44882.5,transfer,false,550,non-fraudulent
19082893,10/1/2024,1:11,45768.5,purchase,false,551,non-fraudulent
19082894,27/1/2024,19:59,25082.3,transfer,false,552,non-fraudulent
19082895,1/1/2024,2:14,41098.1,purchase,false,553,fraudulent
19082896,19/2/2024,12:24,40965.2,purchase,true,554,fraudulent
19082897,10/4/2024,3:07,9543.2,transfer,false,555,fraudulent
19082898,7/2/2024,9:02,48949.4,transfer,true,556,fraudulent
19082899,22/12/2023,11:22,47339.0,purchase,false,557,non-fraudulent
19082900,10/2/2024,9:25,16409.1,transfer,false,558,fraudulent
19082901,15/7/2024,2:29,46737.3,transfer,true,559,non-fraudulent
19082902,8/10/2023,6:24,10360.7,transfer,false,560,non-fraudulent
19082903,4/10/2023,23:43,29878.8,transfer,true,561,fraudulent
19082904,15/3/2024,2:38,49512.4,transfer,true,562,fraudulent
19082905,1/3/2024,0:18,4859.5,purchase,false,563,fraudulent
19082906,8/3/2024,0:12,30366.5,purchase,true,564,non-fraudulent
19082907,10/11/2023,8:21,18997.1,purchase,false,565,fraudulent
19082908,18/3/2024,23:06,4199.4,purchase,false,566,non-fraudulent
19082909,7/2/2024,3:21,31270.8,purchase,true,567,non-fraudulent
19082910,4/12/2023,13:57,10915.2,transfer,true,568,fraudulent
19082911,22/7/2024,23:27,29814.9,purchase,true,569,non-fraudulent
19082912,21/10/2023,13:44,40200.4,purchase,false,570,non-fraudulent
19082913,22/6/2024,9:03,28423.1,purchase,true,571,non-fraudulent
19082914,2/1/2024,19:38,20137.6,transfer,true,572,non-fraudulent
19082915,26/12/2023,13:58,9267.4,purchase,true,573,non-fraudulent
19082916,3/5/2024,23:37,7072.6,transfer,false,574,fraudulent
19082917,1/11/2023,6:06,48885.5,transfer,false,575,non-fraudulent
19082918,5/6/2024,10:09,34341.2,transfer,true,576,non-fraudulent
19082919,3/7/2024,6:14,12879.9,transfer,true,577,fraudulent
19082920,2/6/2024,17:05,8062.3,transfer,true,578,fraudulent
19082921,19/1/2024,20:58,47145.8,purchase,true,579,non-fraudulent
19082922,16/10/2023,11:05,12832.7,purchase,true,580,fraudulent
19082923,17/4/2024,17:07,21547.0,transfer,false,581,non-fraudulent
19082924,14/4/2024,19:38,3154.5,purchase,false,582,non-fraudulent
19082925,26/4/2024,3:45,5074.0,transfer,true,583,non-fraudulent
19082926,10/6/2024,3:09,43880.0,transfer,false,584,fraudulent
19082927,2/8/2024,9:07,17460.6,purchase,false,585,fraudulent
19082928,9/11/2023,22:24,209.2,purchase,false,586,non-fraudulent
19082929,26/5/2024,13:00,40480.0,transfer,false,587,non-fraudulent
19082930,10/12/2023,16:16,15224.7,transfer,false,588,non-fraudulent
19082931,12/6/2024,0:05,33717.8,purchase,false,589,fraudulent
19082932,19/3/2024,12:26,3465.0,purchase,false,590,fraudulent
19082933,7/11/2023,2:01,41696.3,purchase,false,591,fraudulent
19082934,22/2/2024,4:17,31809.7,transfer,false,592,fraudulent
19082935,4/8/2024,6:53,47483.9,purchase,true,593,non-fraudulent
19082936,13/5/2024,21:48,26689.0,purchase,false,594,non-fraudulent
19082937,17/10/2023,20:21,23560.2,purchase,true,595,non-fraudulent
19082938,10/5/2024,16:13,16160.5,transfer,true,596,fraudulent
19082939,30/6/2024,17:50,9895.5,transfer,false,597,non-fraudulent
19082940,20/12/2023,9:52,11878.4,purchase,false,598,fraudulent
19082941,21/12/2023,6:25,49678.8,purchase,false,599,fraudulent
19082942,23/6/2024,1:16,44133.4,purchase,false,600,fraudulent
19082943,19/8/2024,13:43,19370.0,purchase,false,601,fraudulent
19082944,1/10/2023,20:43,42830.5,transfer,false,602,non-fraudulent
19082945,26/1/2024,0:29,29684.7,purchase,false,603,non-fraudulent
19082946,24/11/2023,7:50,24120.0,purchase,true,604,non-fraudulent
19082947,25/10/2023,0:26,10469.8,purchase,false,605,non-fraudulent
19082948,15/4/2024,23:12,3693.0,transfer,true,606,fraudulent
19082949,9/1/2024,12:37,28174.0,purchase,true,607,non-fraudulent
19082950,24/11/2023,19:27,9053.1,transfer,true,608,fraudulent
19082951,21/6/2024,1:42,40493.0,transfer,true,609,fraudulent
19082952,4/2/2024,17:56,20556.9,purchase,true,610,non-fraudulent
19082953,25/3/2024,20:29,15386.7,transfer,false,611,fraudulent
19082954,28/12/2023,11:52,29000.1,purchase,true,612,non-fraudulent
19082955,9/5/2024,7:13,46484.8,purchase,false,613,fraudulent
19082956,19/9/2023,8:32,38096.7,purchase,false,614,non-fraudulent
19082957,27/12/2023,13:03,7710.8,purchase,true,615,non-fraudulent
19082958,10/9/2023,3:46,12447.3,transfer,true,616,fraudulent
19082959,6/6/2024,18:34,6304.1,purchase,true,617,fraudulent
19082960,4/11/2023,6:32,23753.4,transfer,false,618,fraudulent
19082961,3/10/2023,13:46,13447.3,purchase,false,619,fraudulent
19082962,23/1/2024,17:27,37805.1,transfer,false,620,fraudulent
19082963,12/6/2024,8:15,7770.0,transfer,false,621,non-fraudulent
19082964,1/3/2024,22:26,16827.9,purchase,true,622,fraudulent
19082965,12/4/2024,7:44,20329.9,transfer,false,623,non-fraudulent
19082966,4/2/2024,6:51,13920.0,purchase,true,624,fraudulent
19082967,18/5/2024,16:40,48169.2,transfer,false,625,fraudulent
19082968,14/6/2024,18:47,31268.1,purchase,false,626,fraudulent
19082969,2/7/2024,20:31,12900.8,transfer,true,627,non-fraudulent
19082970,18/4/2024,15:21,6237.2,purchase,false,628,fraudulent
19082971,11/4/2024,3:18,25446.4,purchase,false,629,fraudulent
19082972,9/10/2023,17:57,5616.7,transfer,false,630,fraudulent
19082973,4/5/2024,14:45,19955.0,transfer,false,631,fraudulent
19082974,5/12/2023,21:41,41707.0,transfer,false,632,non-fraudulent
19082975,21/2/2024,15:14,4723.9,transfer,false,633,fraudulent
19082976,13/5/2024,16:45,30081.8,purchase,false,634,fraudulent
19082977,7/11/2023,11:31,3168.4,transfer,true,635,fraudulent
19082978,21/9/2023,6:00,25609.8,transfer,false,636,fraudulent
19082979,12/3/2024,20:17,7216.6,transfer,true,637,fraudulent
19082980,26/1/2024,15:14,35370.4,transfer,false,638,non-fraudulent
19082981,5/2/2024,4:48,42408.0,purchase,true,639,fraudulent
19082982,29/4/2024,22:47,44170.9,purchase,true,640,fraudulent
19082983,12/2/2024,7:54,49473.9,transfer,false,641,fraudulent
19082984,5/11/2023,7:56,4294.3,transfer,false,642,non-fraudulent
19082985,28/7/2024,10:29,27428.5,purchase,false,643,non-fraudulent
19082986,28/2/2024,5:15,5873.4,transfer,false,644,non-fraudulent
19082987,12/4/2024,14:29,6103.4,transfer,false,645,non-fraudulent
19082988,18/8/2024,4:26,33764.4,purchase,false,646,fraudulent
19082989,3/6/2024,20:40,35196.0,purchase,false,647,fraudulent
19082990,31/7/2024,14:12,4360.9,transfer,false,648,fraudulent
19082991,25/8/2024,14:38,1788.1,purchase,true,649,non-fraudulent
19082992,3/11/2023,4:38,11863.8,transfer,true,650,fraudulent
19082993,15/1/2024,1:08,32340.2,purchase,false,651,fraudulent
19082994,27/4/2024,13:50,15814.9,purchase,false,652,non-fraudulent
19082995,13/1/2024,2:05,45201.8,purchase,false,653,non-fraudulent
19082996,11/7/2024,15:48,15356.3,purchase,true,654,fraudulent
19082997,18/10/2023,22:02,15307.4,purchase,true,655,fraudulent
19082998,1/10/2023,1:44,5554.2,purchase,true,656,non-fraudulent
19082999,17/3/2024,20:31,22875.0,purchase,false,657,non-fraudulent
19083000,21/6/2024,19:44,42198.1,purchase,true,658,fraudulent
19083001,15/1/2024,21:54,27288.5,purchase,false,659,non-fraudulent
19083002,27/11/2023,21:27,9853.2,purchase,false,660,fraudulent
19083003,20/4/2024,10:53,42406.1,purchase,false,661,non-fraudulent
19083004,17/8/2024,4:39,992.6,purchase,false,662,non-fraudulent
19083005,2/8/2024,9:46,35612.2,purchase,false,663,non-fraudulent
19083006,16/5/2024,8:38,35063.1,purchase,false,664,non-fraudulent
19083007,13/3/2024,20:21,21770.7,purchase,false,665,fraudulent
19083008,13/1/2024,19:59,12389.5,purchase,true,666,non-fraudulent
19083009,24/10/2023,22:33,37035.9,transfer,true,667,non-fraudulent
19083010,18/6/2024,9:06,39096.4,purchase,true,668,fraudulent
19083011,25/4/2024,10:17,2784.1,purchase,true,669,non-fraudulent
19083012,2/4/2024,3:14,37029.5,purchase,true,670,non-fraudulent
19083013,27/1/2024,15:02,37578.5,purchase,true,671,non-fraudulent
19083014,6/8/2024,18:02,9827.5,transfer,true,672,non-fraudulent
19083015,2/11/2023,17:50,48297.9,purchase,false,673,fraudulent
19083016,21/12/2023,3:59,30017.1,purchase,true,674,fraudulent
19083017,14/1/2024,10:44,48086.4,purchase,false,675,non-fraudulent
19083018,3/9/2024,5:53,30439.7,purchase,true,676,fraudulent
19083019,2/10/2023,17:49,5362.7,purchase,true,677,fraudulent
19083020,2/7/2024,11:01,41368.1,purchase,true,678,fraudulent
19083021,30/11/2023,6:13,14199.7,transfer,true,679,fraudulent
19083022,6/7/2024,23:23,41886.5,purchase,false,680,fraudulent
19083023,9/6/2024,7:19,10701.7,transfer,true,681,non-fraudulent
19083024,17/7/2024,10:02,16074.0,transfer,true,682,non-fraudulent
19083025,13/2/2024,12:36,43771.4,purchase,false,683,fraudulent
19083026,2/12/2023,23:01,31960.3,purchase,false,684,non-fraudulent
19083027,7/7/2024,12:36,4451.3,purchase,true,685,fraudulent
19083028,16/1/2024,11:43,20950.8,transfer,false,686,non-fraudulent
19083029,24/1/2024,13:10,46499.6,purchase,true,687,non-fraudulent
19083030,21/4/2024,20:57,46388.0,purchase,false,688,fraudulent
19083031,18/11/2023,13:18,42537.6,transfer,false,689,fraudulent
19083032,10/12/2023,22:05,20767.6,purchase,true,690,non-fraudulent
19083033,1/5/2024,22:48,25404.4,transfer,false,691,fraudulent
19083034,15/8/2024,11:44,30746.5,transfer,false,692,fraudulent
19083035,26/3/2024,14:23,22477.1,purchase,false,693,non-fraudulent
19083036,12/7/2024,6:26,14553.4,purchase,true,694,non-fraudulent
19083037,6/11/2023,1:38,12769.2,purchase,false,695,fraudulent
19083038,17/10/2023,11:00,18571.3,transfer,false,696,fraudulent
19083039,16/10/2023,9:56,7639.8,purchase,false,697,fraudulent
19083040,4/9/2024,23:12,46614.2,purchase,false,698,fraudulent
19083041,2/12/2023,9:13,47489.7,purchase,true,699,non-fraudulent
19083042,17/3/2024,8:44,45334.7,purchase,false,700,fraudulent
19083043,10/2/2024,14:30,21276.7,purchase,true,701,non-fraudulent
19083044,10/6/2024,10:43,30084.1,purchase,true,702,non-fraudulent
19083045,12/10/2023,1:31,8753.5,transfer,true,703,fraudulent
19083046,20/6/2024,14:53,18176.0,transfer,true,704,fraudulent
19083047,9/10/2023,10:12,28102.4,purchase,false,705,fraudulent
19083048,26/8/2024,3:48,44129.9,purchase,false,706,non-fraudulent
19083049,10/6/2024,16:20,5693.9,purchase,false,707,non-fraudulent
19083050,24/3/2024,22:39,29212.4,transfer,false,708,fraudulent
19083051,10/6/2024,14:38,8557.1,purchase,true,709,fraudulent
19083052,18/12/2023,1:21,19495.9,transfer,false,710,fraudulent
19083053,19/1/2024,5:54,10352.1,purchase,false,711,non-fraudulent
19083054,4/12/2023,16:35,47059.5,purchase,false,712,fraudulent
19083055,28/4/2024,10:53,32754.8,purchase,false,713,non-fraudulent
19083056,8/8/2024,13:01,24766.2,transfer,false,714,non-fraudulent
19083057,25/7/2024,10:23,30773.5,transfer,false,715,fraudulent
19083058,1/3/2024,21:14,19235.0,transfer,false,716,non-fraudulent
19083059,28/11/2023,17:49,32472.3,purchase,true,717,fraudulent
19083060,16/5/2024,17:57,16211.0,purchase,false,718,fraudulent
19083061,18/7/2024,1:48,10794.8,purchase,true,719,fraudulent
19083062,24/10/2023,16:50,47473.8,purchase,false,720,fraudulent
19083063,4/9/2024,14:53,13435.4,transfer,false,721,fraudulent
19083064,14/11/2023,19:41,49291.3,purchase,false,722,fraudulent
19083065,11/11/2023,17:02,10491.3,transfer,true,723,fraudulent
19083066,19/2/2024,8:44,31699.0,purchase,false,724,non-fraudulent
19083067,9/7/2024,20:05,6304.0,purchase,true,725,fraudulent
19083068,24/6/2024,20:43,17341.7,purchase,true,726,non-fraudulent
19083069,5/4/2024,15:57,37404.8,purchase,false,727,fraudulent
19083070,13/4/2024,3:44,24491.0,purchase,false,728,fraudulent
19083071,20/8/2024,16:09,38210.7,purchase,true,729,fraudulent
19083072,28/5/2024,15:50,17010.1,transfer,false,730,non-fraudulent
19083073,25/2/2024,12:01,13949.8,purchase,true,731,fraudulent
19083074,25/1/2024,1:12,25661.2,purchase,false,732,fraudulent
19083075,22/6/2024,13:47,44093.0,transfer,false,733,fraudulent
19083076,2/7/2024,21:05,3974.4,purchase,true,734,non-fraudulent
19083077,6/5/2024,4:36,7624.5,purchase,false,735,fraudulent
19083078,9/9/2023,21:40,30688.0,purchase,false,736,non-fraudulent
19083079,15/1/2024,23:00,5822.1,transfer,true,737,non-fraudulent
19083080,25/3/2024,11:23,42214.0,purchase,true,738,non-fraudulent
19083081,11/9/2023,5:53,4922.1,purchase,false,739,fraudulent
19083082,29/2/2024,17:46,17558.7,transfer,false,740,non-fraudulent
19083083,30/5/2024,5:36,15140.1,purchase,false,741,non-fraudulent
19083084,15/3/2024,20:23,30820.6,transfer,false,742,fraudulent
19083085,27/11/2023,18:17,22696.6,purchase,false,743,non-fraudulent
19083086,25/7/2024,10:15,8832.5,purchase,false,744,non-fraudulent
19083087,26/10/2023,4:33,41912.8,purchase,false,745,fraudulent
19083088,27/7/2024,15:15,12843.9,purchase,false,746,fraudulent
19083089,21/8/2024,8:16,25473.3,purchase,false,747,non-fraudulent
19083090,8/6/2024,19:17,3325.3,purchase,true,748,non-fraudulent
19083091,27/5/2024,22:04,48151.6,transfer,true,749,fraudulent
19083092,25/4/2024,12:08,16807.3,transfer,false,750,fraudulent
19083093,4/8/2024,2:56,37665.4,transfer,true,751,fraudulent
19083094,17/4/2024,9:05,34469.6,purchase,true,752,fraudulent
19083095,17/9/2023,14:50,4509.7,purchase,true,753,fraudulent
19083096,26/3/2024,4:12,24733.1,purchase,false,754,fraudulent
19083097,10/6/2024,21:10,40672.5,purchase,false,755,fraudulent
19083098,3/11/2023,17:00,148.3,purchase,true,756,fraudulent
19083099,23/12/2023,9:54,28406.8,transfer,false,757,non-fraudulent
19083100,12/2/2024,12:20,6664.6,purchase,true,758,non-fraudulent
19083101,29/4/2024,5:48,41125.1,purchase,false,759,non-fraudulent
19083102,1/11/2023,22:01,37939.3,transfer,false,760,non-fraudulent
19083103,10/9/2023,10:27,41886.2,transfer,false,761,fraudulent
19083104,2/8/2024,14:58,31369.5,transfer,true,762,fraudulent
19083105,24/10/2023,18:40,41765.9,purchase,true,763,non-fraudulent
19083106,4/7/2024,13:39,9134.8,transfer,true,764,fraudulent
19083107,31/3/2024,3:07,23051.8,purchase,true,765,fraudulent
19083108,7/9/2024,11:10,24830.9,purchase,true,766,fraudulent
19083109,3/2/2024,15:20,44071.3,purchase,true,767,fraudulent
19083110,14/10/2023,13:00,21061.8,transfer,false,768,non-fraudulent
19083111,13/12/2023,4:56,42237.3,transfer,false,769,non-fraudulent
19083112,29/4/2024,18:12,12493.2,purchase,true,770,fraudulent
19083113,29/1/2024,22:55,10156.5,purchase,false,771,non-fraudulent
19083114,30/8/2024,4:54,18173.4,purchase,true,772,fraudulent
19083115,2/6/2024,1:33,5774.0,purchase,true,773,fraudulent
19083116,20/10/2023,9:14,44395.6,purchase,true,774,fraudulent
19083117,11/8/2024,5:26,44318.8,purchase,false,775,fraudulent
19083118,15/2/2024,16:03,44381.7,purchase,false,776,non-fraudulent
19083119,22/8/2024,1:57,41030.9,purchase,false,777,fraudulent
19083120,22/9/2023,22:22,45707.9,purchase,false,778,fraudulent
19083121,14/1/2024,19:39,36503.8,purchase,false,779,non-fraudulent
19083122,20/7/2024,10:54,3823.5,purchase,false,780,fraudulent
19083123,5/9/2024,4:25,24991.4,transfer,true,781,fraudulent
19083124,13/1/2024,21:09,29965.6,transfer,true,782,fraudulent
19083125,21/3/2024,8:49,42129.1,purchase,true,783,non-fraudulent
19083126,29/12/2023,20:41,1402.0,transfer,true,784,non-fraudulent
19083127,8/10/2023,2:57,1852.1,purchase,false,785,fraudulent
19083128,14/8/2024,9:08,28669.5,purchase,false,786,fraudulent
19083129,21/10/2023,19:38,22926.9,purchase,true,787,fraudulent
19083130,9/5/2024,15:48,22285.4,transfer,false,788,fraudulent
19083131,30/3/2024,1:17,28520.8,purchase,true,789,non-fraudulent
19083132,21/12/2023,23:57,11188.0,transfer,false,790,non-fraudulent
19083133,17/5/2024,7:29,9209.4,purchase,true,791,fraudulent
19083134,5/12/2023,7:11,47356.6,transfer,false,792,non-fraudulent
19083135,25/2/2024,8:42,29467.8,purchase,false,793,non-fraudulent
19083136,16/5/2024,15:41,31574.9,purchase,true,794,non-fraudulent
19083137,2/6/2024,12:54,20230.9,purchase,false,795,non-fraudulent
19083138,13/5/2024,19:09,467.2,purchase,false,796,fraudulent
19083139,7/1/2024,13:38,17930.9,purchase,true,797,non-fraudulent
19083140,23/10/2023,12:47,32537.0,transfer,false,798,fraudulent
19083141,2/12/2023,6:26,26601.0,purchase,false,799,non-fraudulent
19083142,21/8/2024,19:04,12533.8,transfer,false,800,non-fraudulent
19083143,13/10/2023,15:01,32467.6,purchase,true,801,non-fraudulent
19083144,22/7/2024,12:36,10178.6,purchase,false,802,non-fraudulent
19083145,17/9/2023,1:17,14664.2,transfer,true,803,non-fraudulent
19083146,27/2/2024,12:07,14885.4,transfer,true,804,fraudulent
19083147,31/10/2023,3:04,10805.6,purchase,false,805,non-fraudulent
19083148,3/9/2024,4:50,16033.1,purchase,true,806,non-fraudulent
19083149,11/6/2024,18:04,32932.5,purchase,false,807,non-fraudulent
19083150,3/9/2024,4:40,19020.9,purchase,true,808,non-fraudulent
19083151,27/2/2024,9:10,19979.1,purchase,false,809,non-fraudulent
19083152,10/10/2023,17:20,28115.3,transfer,false,810,non-fraudulent
19083153,10/2/2024,21:21,18921.2,purchase,false,811,non-fraudulent
19083154,1/3/2024,6:56,5945.0,transfer,true,812,non-fraudulent
19083155,4/8/2024,17:39,36553.7,transfer,false,813,fraudulent
19083156,18/7/2024,20:08,708.7,purchase,true,814,fraudulent
19083157,26/5/2024,11:55,10440.1,purchase,false,815,fraudulent
19083158,18/3/2024,4:33,31709.6,transfer,false,816,fraudulent
19083159,19/2/2024,11:47,31419.0,purchase,true,817,non-fraudulent
19083160,5/10/2023,8:44,29676.8,purchase,true,818,fraudulent
19083161,29/8/2024,19:23,3391.0,purchase,false,819,fraudulent
19083162,11/10/2023,7:32,25720.0,purchase,true,820,fraudulent
19083163,3/9/2024,7:07,28784.7,purchase,true,821,fraudulent
19083164,9/1/2024,17:16,44185.1,purchase,false,822,non-fraudulent
19083165,1/11/2023,21:42,1049.8,transfer,true,823,fraudulent
19083166,15/7/2024,8:37,45622.9,purchase,false,824,fraudulent
19083167,8/9/2023,0:34,46784.1,transfer,false,825,non-fraudulent
19083168,9/7/2024,5:05,24182.9,purchase,true,826,non-fraudulent
19083169,10/10/2023,11:58,24516.7,transfer,false,827,non-fraudulent
19083170,24/7/2024,21:52,44155.8,purchase,true,828,fraudulent
19083171,23/12/2023,9:16,23267.6,purchase,false,829,non-fraudulent
19083172,28/2/2024,23:23,15479.3,transfer,true,830,non-fraudulent
19083173,23/9/2023,12:07,34415.0,purchase,false,831,fraudulent
19083174,24/2/2024,11:55,16066.2,transfer,false,832,non-fraudulent
19083175,16/9/2023,22:45,49750.0,purchase,true,833,fraudulent
19083176,17/4/2024,8:32,23695.4,purchase,true,834,fraudulent
19083177,30/6/2024,3:56,45955.7,transfer,false,835,fraudulent
19083178,28/5/2024,15:52,937.7,transfer,true,836,fraudulent
19083179,10/3/2024,4:30,8222.9,purchase,true,837,non-fraudulent
19083180,9/8/2024,23:24,17339.3,transfer,true,838,fraudulent
19083181,2/8/2024,7:41,27064.5,purchase,false,839,fraudulent
19083182,14/9/2023,9:59,27642.7,purchase,true,840,fraudulent
19083183,16/1/2024,8:35,18279.0,purchase,false,841,fraudulent
19083184,3/2/2024,23:56,9536.0,transfer,false,842,non-fraudulent
19083185,1/9/2024,23:08,37415.7,purchase,true,843,fraudulent
19083186,25/9/2023,6:50,48122.2,transfer,false,844,fraudulent
19083187,18/6/2024,19:43,11354.6,purchase,true,845,non-fraudulent
19083188,15/6/2024,5:34,40129.1,purchase,true,846,fraudulent
19083189,4/9/2024,5:09,18573.8,purchase,true,847,fraudulent
19083190,23/5/2024,5:01,32132.6,purchase,false,848,non-fraudulent
19083191,16/2/2024,17:14,44133.8,purchase,false,849,non-fraudulent
19083192,28/11/2023,15:11,2069.5,purchase,true,850,fraudulent
19083193,23/5/2024,15:18,11061.7,purchase,false,851,fraudulent
19083194,30/8/2024,12:10,11575.5,purchase,true,852,non-fraudulent
19083195,13/12/2023,19:49,35051.9,purchase,true,853,fraudulent
19083196,27/3/2024,0:21,5707.2,transfer,false,854,fraudulent
19083197,10/9/2023,21:04,1779.7,purchase,true,855,fraudulent
19083198,25/1/2024,8:59,36284.2,transfer,false,856,non-fraudulent
19083199,1/6/2024,11:36,19765.8,purchase,true,857,fraudulent
19083200,26/10/2023,1:49,14987.5,purchase,false,858,fraudulent
19083201,25/3/2024,19:22,9353.5,transfer,false,859,non-fraudulent
19083202,17/2/2024,8:23,41170.7,purchase,false,860,non-fraudulent
19083203,2/2/2024,5:59,18514.2,purchase,false,861,non-fraudulent
19083204,5/7/2024,10:06,31454.8,transfer,true,862,non-fraudulent
19083205,18/1/2024,9:55,47628.9,purchase,false,863,fraudulent
19083206,20/10/2023,3:20,32285.9,purchase,true,864,fraudulent
19083207,22/5/2024,5:46,28102.3,transfer,false,865,non-fraudulent
19083208,4/12/2023,4:18,24141.5,transfer,false,866,fraudulent
19083209,21/7/2024,23:14,48572.1,transfer,false,867,non-fraudulent
19083210,31/10/2023,10:49,48884.9,purchase,false,868,non-fraudulent
19083211,3/3/2024,9:15,3800.3,purchase,true,869,non-fraudulent
19083212,27/12/2023,3:13,16586.0,purchase,false,870,fraudulent
19083213,13/2/2024,23:36,24909.1,purchase,false,871,non-fraudulent
19083214,31/1/2024,13:52,9220.3,transfer,true,872,fraudulent
19083215,19/3/2024,17:21,17207.6,transfer,false,873,non-fraudulent
19083216,13/12/2023,15:35,45553.0,purchase,false,874,non-fraudulent
19083217,5/1/2024,11:02,12872.7,purchase,true,875,fraudulent
19083218,6/7/2024,13:47,19064.8,transfer,true,876,non-fraudulent
19083219,19/8/2024,15:35,31221.8,purchase,false,877,fraudulent
19083220,28/8/2024,8:26,22587.6,purchase,false,878,non-fraudulent
19083221,12/5/2024,13:40,47448.5,transfer,true,879,non-fraudulent
19083222,1/7/2024,7:49,11245.3,purchase,false,880,non-fraudulent
19083223,12/11/2023,12:23,31596.1,purchase,false,881,non-fraudulent
19083224,18/4/2024,2:46,25111.3,purchase,false,882,fraudulent
19083225,23/12/2023,7:48,34806.4,purchase,true,883,non-fraudulent
19083226,18/2/2024,19:37,2953.7,purchase,false,884,fraudulent
19083227,8/10/2023,0:33,39972.3,purchase,true,885,fraudulent
19083228,15/9/2023,12:06,1215.7,purchase,false,886,fraudulent
19083229,20/1/2024,19:44,30683.7,transfer,true,887,non-fraudulent
19083230,29/9/2023,19:45,17991.9,purchase,false,888,non-fraudulent
19083231,19/2/2024,8:19,47904.3,purchase,false,889,fraudulent
19083232,26/5/2024,1:04,17062.9,purchase,true,890,non-fraudulent
19083233,20/5/2024,9:16,6243.5,transfer,true,891,non-fraudulent
19083234,11/10/2023,1:51,579.0,purchase,false,892,non-fraudulent
19083235,10/2/2024,5:52,20723.7,purchase,false,893,fraudulent
19083236,16/5/2024,5:53,48897.1,transfer,true,894,fraudulent
19083237,9/5/2024,0:12,35539.1,purchase,false,895,fraudulent
19083238,27/5/2024,20:22,9648.5,transfer,true,896,non-fraudulent
19083239,16/10/2023,11:24,26364.5,transfer,false,897,fraudulent
19083240,22/6/2024,8:52,46521.2,purchase,false,898,fraudulent
19083241,18/5/2024,9:16,29689.2,transfer,false,899,fraudulent
19083242,2/8/2024,11:30,47188.3,purchase,true,900,fraudulent
19083243,19/4/2024,8:23,7931.8,purchase,true,901,fraudulent
19083244,13/7/2024,4:10,29758.4,transfer,false,902,fraudulent
19083245,20/4/2024,23:23,36718.8,transfer,false,903,fraudulent
19083246,31/7/2024,18:42,2563.9,purchase,false,904,fraudulent
19083247,30/7/2024,0:38,9424.4,purchase,false,905,non-fraudulent
19083248,30/8/2024,15:21,38369.1,purchase,false,906,fraudulent
19083249,9/11/2023,13:18,40135.0,transfer,false,907,non-fraudulent
19083250,2/4/2024,12:39,8847.0,purchase,false,908,non-fraudulent
19083251,2/11/2023,15:07,6623.5,purchase,true,909,non-fraudulent
19083252,16/9/2023,11:19,21454.9,purchase,false,910,fraudulent
19083253,17/8/2024,22:39,12913.3,transfer,true,911,fraudulent
19083254,23/6/2024,17:40,13982.0,transfer,true,912,fraudulent
19083255,21/9/2023,7:57,19873.8,purchase,true,913,non-fraudulent
19083256,14/11/2023,19:57,16848.2,purchase,true,914,non-fraudulent
19083257,4/1/2024,5:17,24797.0,purchase,false,915,fraudulent
19083258,4/10/2023,2:43,43500.9,purchase,true,916,fraudulent
19083259,25/11/2023,21:50,23965.8,transfer,false,917,fraudulent
19083260,3/8/2024,4:53,13819.6,transfer,true,918,fraudulent
19083261,26/2/2024,10:20,47162.1,purchase,true,919,non-fraudulent
19083262,15/12/2023,19:39,29936.1,purchase,true,920,fraudulent
19083263,19/4/2024,16:02,22793.3,purchase,false,921,non-fraudulent
19083264,21/5/2024,18:53,40658.0,transfer,true,922,non-fraudulent
19083265,8/11/2023,7:40,1121.6,purchase,false,923,fraudulent
19083266,4/5/2024,7:05,7083.3,transfer,true,924,fraudulent
19083267,19/4/2024,12:06,10425.1,purchase,false,925,fraudulent
19083268,29/6/2024,21:32,45863.4,purchase,true,926,fraudulent
19083269,29/5/2024,23:33,3768.1,purchase,true,927,non-fraudulent
19083270,28/12/2023,13:38,7382.4,purchase,true,928,non-fraudulent
19083271,29/10/2023,9:34,18191.4,transfer,false,929,non-fraudulent
19083272,13/6/2024,23:09,17553.1,purchase,true,930,non-fraudulent
19083273,13/2/2024,8:07,39082.0,purchase,true,931,non-fraudulent
19083274,16/7/2024,10:58,16287.4,purchase,false,932,fraudulent
19083275,6/8/2024,23:45,40438.2,transfer,true,933,fraudulent
19083276,13/1/2024,16:43,32890.2,purchase,true,934,non-fraudulent
19083277,29/6/2024,21:44,12642.4,purchase,false,935,non-fraudulent
19083278,19/12/2023,0:41,5599.5,purchase,false,936,fraudulent
19083279,11/7/2024,22:01,16044.9,purchase,false,937,fraudulent
19083280,17/2/2024,4:03,7114.4,transfer,false,938,fraudulent
19083281,11/11/2023,9:34,15536.3,transfer,true,939,fraudulent
19083282,19/7/2024,11:18,30714.9,purchase,false,940,non-fraudulent
19083283,8/11/2023,21:44,27536.9,purchase,false,941,fraudulent
19083284,5/3/2024,7:16,43982.2,purchase,false,942,non-fraudulent
19083285,30/4/2024,14:28,4700.0,purchase,false,943,non-fraudulent
19083286,25/3/2024,16:23,34116.4,purchase,true,944,non-fraudulent
19083287,13/12/2023,13:46,44014.6,transfer,true,945,non-fraudulent
19083288,16/5/2024,14:55,25696.7,purchase,true,946,fraudulent
19083289,1/4/2024,23:34,15349.2,purchase,false,947,fraudulent
19083290,18/9/2023,14:13,14476.4,transfer,false,948,fraudulent
19083291,24/8/2024,3:49,19093.4,transfer,false,949,fraudulent
19083292,9/10/2023,13:06,626.1,purchase,true,950,non-fraudulent
19083293,22/11/2023,12:30,27560.3,transfer,true,951,fraudulent
19083294,4/2/2024,12:17,31940.3,purchase,true,952,non-fraudulent
19083295,11/8/2024,12:26,44130.4,transfer,false,953,non-fraudulent
19083296,10/5/2024,9:13,12894.4,purchase,false,954,fraudulent
19083297,31/10/2023,9:11,24427.4,purchase,true,955,non-fraudulent
19083298,27/5/2024,2:03,15215.1,purchase,false,956,non-fraudulent
19083299,2/9/2024,8:26,46299.1,purchase,false,957,fraudulent
19083300,13/8/2024,12:07,34299.1,purchase,true,958,non-fraudulent
19083301,17/4/2024,12:35,40140.6,transfer,false,959,non-fraudulent
19083302,2/5/2024,12:18,19164.3,purchase,true,960,fraudulent
19083303,1/5/2024,3:18,38132.3,purchase,false,961,fraudulent
19083304,9/1/2024,5:24,28972.8,purchase,false,962,fraudulent
19083305,14/12/2023,20:49,25528.2,transfer,false,963,non-fraudulent
19083306,8/10/2023,9:03,19260.0,purchase,false,964,non-fraudulent
19083307,24/8/2024,15:00,32094.7,transfer,false,965,fraudulent
19083308,28/3/2024,20:17,46568.2,transfer,false,966,fraudulent
19083309,25/12/2023,0:02,39951.0,transfer,true,967,non-fraudulent
19083310,22/3/2024,0:23,26664.2,transfer,true,968,non-fraudulent
19083311,14/7/2024,4:03,33257.5,purchase,true,969,fraudulent
19083312,16/9/2023,20:49,535.3,transfer,false,970,fraudulent
19083313,29/8/2024,14:22,24104.2,transfer,true,971,non-fraudulent
19083314,30/1/2024,16:04,16988.5,purchase,true,972,fraudulent
19083315,25/6/2024,6:26,37376.7,purchase,true,973,non-fraudulent
19083316,13/2/2024,4:29,3193.8,transfer,false,974,non-fraudulent
19083317,5/4/2024,21:44,30229.0,transfer,false,975,fraudulent
19083318,30/7/2024,12:19,43003.2,purchase,true,976,fraudulent
19083319,5/5/2024,15:26,14608.9,purchase,false,977,non-fraudulent
19083320,21/7/2024,5:46,46796.3,purchase,false,978,fraudulent
19083321,28/3/2024,8:26,35738.3,purchase,true,979,fraudulent
19083322,27/8/2024,23:50,4478.4,transfer,false,980,fraudulent
19083323,9/2/2024,2:26,48774.2,purchase,false,981,non-fraudulent
19083324,5/5/2024,6:16,48367.4,transfer,false,982,non-fraudulent
19083325,11/3/2024,6:31,9945.2,transfer,false,983,fraudulent
19083326,8/11/2023,3:53,19482.2,purchase,false,984,fraudulent
19083327,28/9/2023,16:40,10516.6,purchase,false,985,fraudulent
19083328,2/3/2024,2:58,46467.4,purchase,false,986,fraudulent
19083329,25/9/2023,23:00,18019.1,purchase,false,987,non-fraudulent
19083330,12/5/2024,13:29,7752.1,purchase,false,988,fraudulent
19083331,20/6/2024,15:17,29107.2,purchase,true,989,non-fraudulent
19083332,30/7/2024,16:25,22671.9,purchase,false,990,non-fraudulent
19083333,12/7/2024,9:35,23270.1,transfer,true,991,fraudulent
19083334,30/11/2023,3:53,9156.9,transfer,false,992,non-fraudulent
19083335,1/6/2024,7:10,19279.5,transfer,true,993,non-fraudulent
19083336,25/4/2024,19:53,24462.4,purchase,false,994,fraudulent
19083337,9/12/2023,4:44,15381.2,transfer,true,995,non-fraudulent
19083338,15/1/2024,9:58,31631.5,transfer,false,996,non-fraudulent
19083339,6/9/2024,3:18,26192.4,purchase,true,997,non-fraudulent
19083340,16/4/2024,19:58,23808.4,transfer,true,998,fraudulent
19083341,4/7/2024,23:48,4060.4,purchase,true,999,non-fraudulent
19083342,20/10/2023,18:01,15220.8,transfer,true,1000,non-fraudulent
